SYDNEY,AVVHG4-SYDQCX
SYDNEY,CNSAPT-SYDQCX
SYDNEY,ABXDTB-SYDQCX
SYDNEY,ADLNJS-SYDQCX
SYDNEY,AMR343-SYDQCX
SYDNEY,ARMDTB-SYDQCX
SYDNEY,ASPDTB-SYDQCX
SYDNEY,AYQDTB-SYDQCX
SYDNEY,BDBDTB-SYDQCX
SYDNEY,BKQDTB-SYDQCX
SYDNEY,BMEDTB-SYDQCX
SYDNEY,BNEASA-SYDQCX
SYDNEY,BNEBOW-SYDQCX
SYDNEY,BNECCA-SYDQCX
SYDNEY,BNESNP-SYDQCX
SYDNEY,CBRDTB-SYDQCX
SYDNEY,CBRHGR-SYDQCX
SYDNEY,CBRHQB-SYDQCX
SYDNEY,CBRQDS-SYDQCX
SYDNEY,CFSDTB-SYDQCX
SYDNEY,CTLDTB-SYDQCX
SYDNEY,DBODTB-SYDQCX
SYDNEY,DPODTB-SYDQCX
SYDNEY,DRWAMC-SYDQCX
SYDNEY,DRWDTB-SYDQCX
SYDNEY,DRWHQB-SYDQCX
SYDNEY,EMDDTB-SYDQCX
SYDNEY,GLTDTB-SYDQCX
SYDNEY,GOVDTB-SYDQCX
SYDNEY,GOVTCG-SYDQCX
SYDNEY,HBACCA-SYDQCX
SYDNEY,HBADTB-SYDQCX
SYDNEY,HIDDTB-SYDQCX
SYDNEY,HTIDTB-SYDQCX
SYDNEY,HVBDTB-SYDQCX
SYDNEY,ISADTB-SYDQCX
SYDNEY,KGIDTB-SYDQCX
SYDNEY,KTADTB-SYDQCX
SYDNEY,LEADTB-SYDQCX
SYDNEY,LREDTB-SYDQCX
SYDNEY,LSTDTB-SYDQCX
SYDNEY,MELADC-SYDQCX
SYDNEY,MELBOM-SYDQCX
SYDNEY,MELCCC-SYDQCX
SYDNEY,MELDAP-SYDQCX
SYDNEY,MELECC-SYDQCX
SYDNEY,MELHQ2-SYDQCX
SYDNEY,MELMCC-SYDQCX
SYDNEY,MELRES-SYDQCX
SYDNEY,MELSIR-SYDQCX
SYDNEY,MHUDTB-SYDQCX
SYDNEY,MKYDTB-SYDQCX
SYDNEY,MQLDTB-SYDQCX
SYDNEY,MRZDTB-SYDQCX
SYDNEY,NTLDTB-SYDQCX
SYDNEY,PBODTB-SYDQCX
SYDNEY,PERHCH-SYDQCX
SYDNEY,PERHQB-SYDQCX
SYDNEY,PHEDTB-SYDQCX
SYDNEY,PLODTB-SYDQCX
SYDNEY,PQQDTB-SYDQCX
SYDNEY,RMADTB-SYDQCX
SYDNEY,ROKDTB-SYDQCX
SYDNEY,SYDAC1-SYDQCX
SYDNEY,SYDAC2-SYDQCX
SYDNEY,SYDARG-SYDQCX
SYDNEY,SYDASC-SYDQCX
SYDNEY,SYDCTR-SYDQCX
SYDNEY,SYDDT2-SYDQCX
SYDNEY,SYDFT2-SYDQCX
SYDNEY,SYDGKN-SYDQCX
SYDNEY,SYDHCH-SYDQCX
SYDNEY,SYDHDC-SYDQCX
SYDNEY,SYDQDS-SYDQCX
SYDNEY,SYDRAF-SYDQCX
SYDNEY,TMWDTB-SYDQCX
SYDNEY,TMWEAA-SYDQCX
SYDNEY,TSVDTB-SYDQCX
SYDNEY,WEIDTB-SYDQCX
SYDNEY,WGADTB-SYDQCX
SYDNEY,ZNEDTB-SYDQCX