azeta,AVVHG4-DC,AVVHG4-SYDQCX
azeta,CNSAPT-DC,CNSAPT-SYDQCX
azeta,ABXDTB-DC,ABXDTB-SYDQCX
azeta,ADLNJS-DC,ADLNJS-SYDQCX
azeta,AMR343-DC,AMR343-SYDQCX
azeta,ARMDTB-DC,ARMDTB-SYDQCX
azeta,ASPDTB-DC,ASPDTB-SYDQCX
azeta,AYQDTB-DC,AYQDTB-SYDQCX
azeta,BDBDTB-DC,BDBDTB-SYDQCX
azeta,BKQDTB-DC,BKQDTB-SYDQCX
azeta,BMEDTB-DC,BMEDTB-SYDQCX
azeta,BNEASA-DC,BNEASA-SYDQCX
azeta,BNEBOW-DC,BNEBOW-SYDQCX
azeta,BNECCA-DC,BNECCA-SYDQCX
azeta,BNESNP-DC,BNESNP-SYDQCX
azeta,CBRDTB-DC,CBRDTB-SYDQCX
azeta,CBRHGR-DC,CBRHGR-SYDQCX
azeta,CBRHQB-DC,CBRHQB-SYDQCX
azeta,CBRQDS-DC,CBRQDS-SYDQCX
azeta,CFSDTB-DC,CFSDTB-SYDQCX
azeta,CTLDTB-DC,CTLDTB-SYDQCX
azeta,DBODTB-DC,DBODTB-SYDQCX
azeta,DPODTB-DC,DPODTB-SYDQCX
azeta,DRWAMC-DC,DRWAMC-SYDQCX
azeta,DRWDTB-DC,DRWDTB-SYDQCX
azeta,DRWHQB-DC,DRWHQB-SYDQCX
azeta,EMDDTB-DC,EMDDTB-SYDQCX
azeta,GLTDTB-DC,GLTDTB-SYDQCX
azeta,GOVDTB-DC,GOVDTB-SYDQCX
azeta,GOVTCG-DC,GOVTCG-SYDQCX
azeta,HBACCA-DC,HBACCA-SYDQCX
azeta,HBADTB-DC,HBADTB-SYDQCX
azeta,HIDDTB-DC,HIDDTB-SYDQCX
azeta,HTIDTB-DC,HTIDTB-SYDQCX
azeta,HVBDTB-DC,HVBDTB-SYDQCX
azeta,ISADTB-DC,ISADTB-SYDQCX
azeta,KGIDTB-DC,KGIDTB-SYDQCX
azeta,KTADTB-DC,KTADTB-SYDQCX
azeta,LEADTB-DC,LEADTB-SYDQCX
azeta,LREDTB-DC,LREDTB-SYDQCX
azeta,LSTDTB-DC,LSTDTB-SYDQCX
azeta,MELADC-DC,MELADC-SYDQCX
azeta,MELBOM-DC,MELBOM-SYDQCX
azeta,MELCCC-DC,MELCCC-SYDQCX
azeta,MELDAP-DC,MELDAP-SYDQCX
azeta,MELECC-DC,MELECC-SYDQCX
azeta,MELHQ2-DC,MELHQ2-SYDQCX
azeta,MELMCC-DC,MELMCC-SYDQCX
azeta,MELRES-DC,MELRES-SYDQCX
azeta,MELSIR-DC,MELSIR-SYDQCX
azeta,MHUDTB-DC,MHUDTB-SYDQCX
azeta,MKYDTB-DC,MKYDTB-SYDQCX
azeta,MQLDTB-DC,MQLDTB-SYDQCX
azeta,MRZDTB-DC,MRZDTB-SYDQCX
azeta,NTLDTB-DC,NTLDTB-SYDQCX
azeta,PBODTB-DC,PBODTB-SYDQCX
azeta,PERHCH-DC,PERHCH-SYDQCX
azeta,PERHQB-DC,PERHQB-SYDQCX
azeta,PHEDTB-DC,PHEDTB-SYDQCX
azeta,PLODTB-DC,PLODTB-SYDQCX
azeta,PQQDTB-DC,PQQDTB-SYDQCX
azeta,RMADTB-DC,RMADTB-SYDQCX
azeta,ROKDTB-DC,ROKDTB-SYDQCX
azeta,SYDAC1-DC,SYDAC1-SYDQCX
azeta,SYDAC2-DC,SYDAC2-SYDQCX
azeta,SYDARG-DC,SYDARG-SYDQCX
azeta,SYDASC-DC,SYDASC-SYDQCX
azeta,SYDCTR-DC,SYDCTR-SYDQCX
azeta,SYDDT2-DC,SYDDT2-SYDQCX
azeta,SYDFT2-DC,SYDFT2-SYDQCX
azeta,SYDGKN-DC,SYDGKN-SYDQCX
azeta,SYDHCH-DC,SYDHCH-SYDQCX
azeta,SYDHDC-DC,SYDHDC-SYDQCX
azeta,SYDQDS-DC,SYDQDS-SYDQCX
azeta,SYDRAF-DC,SYDRAF-SYDQCX
azeta,TMWDTB-DC,TMWDTB-SYDQCX
azeta,TMWEAA-DC,TMWEAA-SYDQCX
azeta,TSVDTB-DC,TSVDTB-SYDQCX
azeta,WEIDTB-DC,WEIDTB-SYDQCX
azeta,WGADTB-DC,WGADTB-SYDQCX
azeta,ZNEDTB-DC,ZNEDTB-SYDQCX