AVVHG4,AVVHG4-SYDQCX
CNSAPT,CNSAPT-SYDQCX
ABXDTB,ABXDTB-SYDQCX
ADLNJS,ADLNJS-SYDQCX
AMR343,AMR343-SYDQCX
ARMDTB,ARMDTB-SYDQCX
ASPDTB,ASPDTB-SYDQCX
AYQDTB,AYQDTB-SYDQCX
BDBDTB,BDBDTB-SYDQCX
BKQDTB,BKQDTB-SYDQCX
BMEDTB,BMEDTB-SYDQCX
BNEASA,BNEASA-SYDQCX
BNEBOW,BNEBOW-SYDQCX
BNECCA,BNECCA-SYDQCX
BNESNP,BNESNP-SYDQCX
CBRDTB,CBRDTB-SYDQCX
CBRHGR,CBRHGR-SYDQCX
CBRHQB,CBRHQB-SYDQCX
CBRQDS,CBRQDS-SYDQCX
CFSDTB,CFSDTB-SYDQCX
CTLDTB,CTLDTB-SYDQCX
DBODTB,DBODTB-SYDQCX
DPODTB,DPODTB-SYDQCX
DRWAMC,DRWAMC-SYDQCX
DRWDTB,DRWDTB-SYDQCX
DRWHQB,DRWHQB-SYDQCX
EMDDTB,EMDDTB-SYDQCX
GLTDTB,GLTDTB-SYDQCX
GOVDTB,GOVDTB-SYDQCX
GOVTCG,GOVTCG-SYDQCX
HBACCA,HBACCA-SYDQCX
HBADTB,HBADTB-SYDQCX
HIDDTB,HIDDTB-SYDQCX
HTIDTB,HTIDTB-SYDQCX
HVBDTB,HVBDTB-SYDQCX
ISADTB,ISADTB-SYDQCX
KGIDTB,KGIDTB-SYDQCX
KTADTB,KTADTB-SYDQCX
LEADTB,LEADTB-SYDQCX
LREDTB,LREDTB-SYDQCX
LSTDTB,LSTDTB-SYDQCX
MELADC,MELADC-SYDQCX
MELBOM,MELBOM-SYDQCX
MELCCC,MELCCC-SYDQCX
MELDAP,MELDAP-SYDQCX
MELECC,MELECC-SYDQCX
MELHQ2,MELHQ2-SYDQCX
MELMCC,MELMCC-SYDQCX
MELRES,MELRES-SYDQCX
MELSIR,MELSIR-SYDQCX
MHUDTB,MHUDTB-SYDQCX
MKYDTB,MKYDTB-SYDQCX
MQLDTB,MQLDTB-SYDQCX
MRZDTB,MRZDTB-SYDQCX
NTLDTB,NTLDTB-SYDQCX
PBODTB,PBODTB-SYDQCX
PERHCH,PERHCH-SYDQCX
PERHQB,PERHQB-SYDQCX
PHEDTB,PHEDTB-SYDQCX
PLODTB,PLODTB-SYDQCX
PQQDTB,PQQDTB-SYDQCX
RMADTB,RMADTB-SYDQCX
ROKDTB,ROKDTB-SYDQCX
SYDAC1,SYDAC1-SYDQCX
SYDAC2,SYDAC2-SYDQCX
SYDARG,SYDARG-SYDQCX
SYDASC,SYDASC-SYDQCX
SYDCTR,SYDCTR-SYDQCX
SYDDT2,SYDDT2-SYDQCX
SYDFT2,SYDFT2-SYDQCX
SYDGKN,SYDGKN-SYDQCX
SYDHCH,SYDHCH-SYDQCX
SYDHDC,SYDHDC-SYDQCX
SYDQDS,SYDQDS-SYDQCX
SYDRAF,SYDRAF-SYDQCX
TMWDTB,TMWDTB-SYDQCX
TMWEAA,TMWEAA-SYDQCX
TSVDTB,TSVDTB-SYDQCX
WEIDTB,WEIDTB-SYDQCX
WGADTB,WGADTB-SYDQCX
ZNEDTB,ZNEDTB-SYDQCX