AVVHG4,AVVHG4-DC
CNSAPT,CNSAPT-DC
ABXDTB,ABXDTB-DC
ADLNJS,ADLNJS-DC
AMR343,AMR343-DC
ARMDTB,ARMDTB-DC
ASPDTB,ASPDTB-DC
AYQDTB,AYQDTB-DC
BDBDTB,BDBDTB-DC
BKQDTB,BKQDTB-DC
BMEDTB,BMEDTB-DC
BNEASA,BNEASA-DC
BNEBOW,BNEBOW-DC
BNECCA,BNECCA-DC
BNESNP,BNESNP-DC
CBRDTB,CBRDTB-DC
CBRHGR,CBRHGR-DC
CBRHQB,CBRHQB-DC
CBRQDS,CBRQDS-DC
CFSDTB,CFSDTB-DC
CTLDTB,CTLDTB-DC
DBODTB,DBODTB-DC
DPODTB,DPODTB-DC
DRWAMC,DRWAMC-DC
DRWDTB,DRWDTB-DC
DRWHQB,DRWHQB-DC
EMDDTB,EMDDTB-DC
GLTDTB,GLTDTB-DC
GOVDTB,GOVDTB-DC
GOVTCG,GOVTCG-DC
HBACCA,HBACCA-DC
HBADTB,HBADTB-DC
HIDDTB,HIDDTB-DC
HTIDTB,HTIDTB-DC
HVBDTB,HVBDTB-DC
ISADTB,ISADTB-DC
KGIDTB,KGIDTB-DC
KTADTB,KTADTB-DC
LEADTB,LEADTB-DC
LREDTB,LREDTB-DC
LSTDTB,LSTDTB-DC
MELADC,MELADC-DC
MELBOM,MELBOM-DC
MELCCC,MELCCC-DC
MELDAP,MELDAP-DC
MELECC,MELECC-DC
MELHQ2,MELHQ2-DC
MELMCC,MELMCC-DC
MELRES,MELRES-DC
MELSIR,MELSIR-DC
MHUDTB,MHUDTB-DC
MKYDTB,MKYDTB-DC
MQLDTB,MQLDTB-DC
MRZDTB,MRZDTB-DC
NTLDTB,NTLDTB-DC
PBODTB,PBODTB-DC
PERHCH,PERHCH-DC
PERHQB,PERHQB-DC
PHEDTB,PHEDTB-DC
PLODTB,PLODTB-DC
PQQDTB,PQQDTB-DC
RMADTB,RMADTB-DC
ROKDTB,ROKDTB-DC
SYDAC1,SYDAC1-DC
SYDAC2,SYDAC2-DC
SYDARG,SYDARG-DC
SYDASC,SYDASC-DC
SYDCTR,SYDCTR-DC
SYDDT2,SYDDT2-DC
SYDFT2,SYDFT2-DC
SYDGKN,SYDGKN-DC
SYDHCH,SYDHCH-DC
SYDHDC,SYDHDC-DC
SYDQDS,SYDQDS-DC
SYDRAF,SYDRAF-DC
TMWDTB,TMWDTB-DC
TMWEAA,TMWEAA-DC
TSVDTB,TSVDTB-DC
WEIDTB,WEIDTB-DC
WGADTB,WGADTB-DC
ZNEDTB,ZNEDTB-DC