AKLFTB,qfsitelink
AKLITB,qfsitelink
AKLJTC,qfsitelink
AKLRHQ,qfsitelink
AKLRHQ,qfsitelink
AKLRHQ,qfsitelink
AKLRHQ,qfsitelink
AKLRHQ,qfsitelink
BKKFTB,qfsitelink
BKKHQB,qfsitelink
BKKITB,qfsitelink
BOMHQB,qfsitelink
CHCITB,qfsitelink
FRAFTB,qfsitelink
FRAHQB,qfsitelink
FRAIT2,qfsitelink
HKGFTB,qfsitelink
HKGHQB,qfsitelink
HKGHQB,qfsitelink
HKGITB,qfsitelink
HNLITB,qfsitelink
JFKFTB,qfsitelink
JFKITB,qfsitelink
JKTITB,qfsitelink
JNBFTB,qfsitelink
JNBHQB,qfsitelink
JNBITB,qfsitelink
KULHQB,qfsitelink
LAXAAH,qfsitelink
LAXFTB,qfsitelink
LAXITB,qfsitelink
LAXRHQ,qfsitelink
LAXRHQ,qfsitelink
LAXRHQ,qfsitelink
LHRFTB,qfsitelink
LHRITB,qfsitelink
LONHQB,qfsitelink
LONHQB,qfsitelink
LONHQB,qfsitelink
LONWSD,qfsitelink
MNLITB,qfsitelink
NANITB,qfsitelink
NOUHQB,qfsitelink
NRTFTB,qfsitelink
NRTITB,qfsitelink
NYCHQB,qfsitelink
ORDFRT,qfsitelink
PARHQB,qfsitelink
POMHQB,qfsitelink
POMITB,qfsitelink
PVGITB,qfsitelink
SAOHQB,qfsitelink
SCLHQB,qfsitelink
SHAFTB,qfsitelink
SHAHQB,qfsitelink
SINFTB,qfsitelink
SINHQB,qfsitelink
SINITB,qfsitelink
STOHQB,qfsitelink
SUVHQB,qfsitelink
TUSRES,qfsitelink
TYOTMB,qfsitelink
WLGITB,qfsitelink
ZQNDTB,qfsitelink
ZRHHQB,qfsitelink