azeta,AKLFTB
azeta,AKLITB
azeta,AKLJTC
azeta,AKLRHQ
azeta,AKLRHQ
azeta,AKLRHQ
azeta,AKLRHQ
azeta,AKLRHQ
azeta,BKKFTB
azeta,BKKHQB
azeta,BKKITB
azeta,BOMHQB
azeta,CHCITB
azeta,FRAFTB
azeta,FRAHQB
azeta,FRAIT2
azeta,HKGFTB
azeta,HKGHQB
azeta,HKGHQB
azeta,HKGITB
azeta,HNLITB
azeta,JFKFTB
azeta,JFKITB
azeta,JKTITB
azeta,JNBFTB
azeta,JNBHQB
azeta,JNBITB
azeta,KULHQB
azeta,LAXAAH
azeta,LAXFTB
azeta,LAXITB
azeta,LAXRHQ
azeta,LAXRHQ
azeta,LAXRHQ
azeta,LHRFTB
azeta,LHRITB
azeta,LONHQB
azeta,LONHQB
azeta,LONHQB
azeta,LONWSD
azeta,MNLITB
azeta,NANITB
azeta,NOUHQB
azeta,NRTFTB
azeta,NRTITB
azeta,NYCHQB
azeta,ORDFRT
azeta,PARHQB
azeta,POMHQB
azeta,POMITB
azeta,PVGITB
azeta,SAOHQB
azeta,SCLHQB
azeta,SHAFTB
azeta,SHAHQB
azeta,SINFTB
azeta,SINHQB
azeta,SINITB
azeta,STOHQB
azeta,SUVHQB
azeta,TUSRES
azeta,TYOTMB
azeta,WLGITB
azeta,ZQNDTB
azeta,ZRHHQB